PROTEIN,AA1LOCATIONAA2
surface glycoprotein,V130A
surface glycoprotein,G798A
surface glycoprotein,S605F
surface glycoprotein,K77N
surface glycoprotein,R403K
surface glycoprotein,T208S
surface glycoprotein,D614G
surface glycoprotein,I794V
surface glycoprotein,T553N
surface glycoprotein,R815K
surface glycoprotein,K535V
surface glycoprotein,D843E
surface glycoprotein,E224K
surface glycoprotein,G838D
surface glycoprotein,V503L
surface glycoprotein,Q784H
surface glycoprotein,I834D
surface glycoprotein,N824T
surface glycoprotein,F194Y
surface glycoprotein,A899G
surface glycoprotein,Q506P
surface glycoprotein,G908V
surface glycoprotein,A899V
surface glycoprotein,V952l
surface glycoprotein,A570G
surface glycoprotein,G485S
surface glycoprotein,Y449D
surface glycoprotein,N234S
surface glycoprotein,Q787P
surface glycoprotein,S816T
surface glycoprotein,N540K
surface glycoprotein,W152R
surface glycoprotein,F888L
surface glycoprotein,I834F
surface glycoprotein,V130G
surface glycoprotein,N928D
surface glycoprotein,I805F
surface glycoprotein,D228N
surface glycoprotein,P621R
surface glycoprotein,Q762L
surface glycoprotein,R408K
surface glycoprotein,A903G
surface glycoprotein,F823C
surface glycoprotein,D796N
surface glycoprotein,Q580R
surface glycoprotein,E1144Q
surface glycoprotein,A411P
surface glycoprotein,N196D
surface glycoprotein,D111N
surface glycoprotein,A623D
surface glycoprotein,V826G
surface glycoprotein,N211H
surface glycoprotein,D950n
surface glycoprotein,Q134T
surface glycoprotein,A829T
surface glycoprotein,D820N
surface glycoprotein,K187Q
surface glycoprotein,W1212X
surface glycoprotein,D80Y
surface glycoprotein,Q115H
surface glycoprotein,A890P
surface glycoprotein,I720K
surface glycoprotein,T791A
surface glycoprotein,H207L
surface glycoprotein,A688T
surface glycoprotein,K811S
surface glycoprotein,I468F
surface glycoprotein,L752R
surface glycoprotein,L216H
surface glycoprotein,K1181Q
surface glycoprotein,S530F
surface glycoprotein,I818F
surface glycoprotein,K786Q
surface glycoprotein,D936N
surface glycoprotein,S884F
surface glycoprotein,T240S
surface glycoprotein,Y380N
surface glycoprotein,A575G
surface glycoprotein,S1252f
surface glycoprotein,S555F
surface glycoprotein,I569N
surface glycoprotein,W886G
surface glycoprotein,R246I
surface glycoprotein,A694V
surface glycoprotein,Y144F
surface glycoprotein,G700V
surface glycoprotein,R509K
surface glycoprotein,K206N
surface glycoprotein,G838A
surface glycoprotein,S721I
surface glycoprotein,N717V
surface glycoprotein,L841I
surface glycoprotein,V705I
surface glycoprotein,G496D
surface glycoprotein,D830N
surface glycoprotein,Y204S
surface glycoprotein,A688x
surface glycoprotein,A899P
surface glycoprotein,S975N
surface glycoprotein,T874I
surface glycoprotein,Q1180L
surface glycoprotein,C480W
surface glycoprotein,N709K
surface glycoprotein,P863H
surface glycoprotein,L229F
surface glycoprotein,C131R
surface glycoprotein,V826L
surface glycoprotein,P225S
surface glycoprotein,L767V
surface glycoprotein,S1021P
surface glycoprotein,C525W
surface glycoprotein,L727I
surface glycoprotein,Y695D
surface glycoprotein,N448K
surface glycoprotein,A1026P
surface glycoprotein,A67S
surface glycoprotein,D848E
surface glycoprotein,T866P
surface glycoprotein,G550C
surface glycoprotein,H1101X
surface glycoprotein,C291G
surface glycoprotein,T696A
surface glycoprotein,N544Y
surface glycoprotein,F106L
surface glycoprotein,A1015T
surface glycoprotein,I231L
surface glycoprotein,L841P
surface glycoprotein,T747P
surface glycoprotein,S686T
surface glycoprotein,C488W
surface glycoprotein,C538S
surface glycoprotein,T531N
surface glycoprotein,F802S
surface glycoprotein,T208P
surface glycoprotein,D830H
surface glycoprotein,F1103L
surface glycoprotein,G142A
surface glycoprotein,F797L
surface glycoprotein,G838S
surface glycoprotein,A829E
surface glycoprotein,L894F
surface glycoprotein,R1019K
surface glycoprotein,I834T
surface glycoprotein,F220V
surface glycoprotein,K529N
surface glycoprotein,T1136X
surface glycoprotein,S813N
surface glycoprotein,C851W
surface glycoprotein,A701V
surface glycoprotein,W436R
surface glycoprotein,C391G
surface glycoprotein,R44K
surface glycoprotein,S689G
surface glycoprotein,V11I
surface glycoprotein,D843G
surface glycoprotein,V729M
surface glycoprotein,G842R
surface glycoprotein,T22I
surface glycoprotein,E516D
surface glycoprotein,L452R
surface glycoprotein,T323K
surface glycoprotein,E1207D
surface glycoprotein,T274S
surface glycoprotein,Y707N
surface glycoprotein,N556K
surface glycoprotein,T307P
surface glycoprotein,P715T
surface glycoprotein,K814M
surface glycoprotein,Q755R
surface glycoprotein,Q836P
surface glycoprotein,M697K
surface glycoprotein,R682G
surface glycoprotein,Q677H
surface glycoprotein,S750R
surface glycoprotein,A262T
surface glycoprotein,S50L
surface glycoprotein,Q14H
surface glycoprotein,G885C
surface glycoprotein,S875F
surface glycoprotein,I980N
surface glycoprotein,V510E
surface glycoprotein,L916F
surface glycoprotein,I794F
surface glycoprotein,S939F
surface glycoprotein,G798C
surface glycoprotein,R357K
surface glycoprotein,A684v
surface glycoprotein,V127F
surface glycoprotein,T791I
surface glycoprotein,N394K
surface glycoprotein,S708A
surface glycoprotein,Q675H
surface glycoprotein,E1150K
surface glycoprotein,V539F
surface glycoprotein,K835N
surface glycoprotein,R905S
surface glycoprotein,D839E
surface glycoprotein,V781I
surface glycoprotein,A222T
surface glycoprotein,S803P
surface glycoprotein,L806F
surface glycoprotein,Q173H
surface glycoprotein,L865F
surface glycoprotein,N710T
surface glycoprotein,T778A
surface glycoprotein,T732N
surface glycoprotein,E819G
surface glycoprotein,L828P
surface glycoprotein,L821R
surface glycoprotein,Y741S
nucleocapsid phosphoprotein,S187l
nucleocapsid phosphoprotein,P326L
nucleocapsid phosphoprotein,R203k
nucleocapsid phosphoprotein,S202n
nucleocapsid phosphoprotein,A211V
nucleocapsid phosphoprotein,G204r
nucleocapsid phosphoprotein,M210I
ORF8 protein,L84S
ORF1ab polyprotein,V1642D
ORF1ab polyprotein,K1571N
ORF1ab polyprotein,P314L
ORF1ab polyprotein,V1615D
ORF1ab polyprotein,L1542V
ORF1ab polyprotein,A1603T
ORF1a polyprotein,C4330R
ORF1a polyprotein,T78X
membrane glycoprotein,G89R
membrane glycoprotein,L57V
ORF6 protein,E46V
